experiment_id,parent_experiment,hypothesis,model,spectral_input,normalization,stem_init,resolution,epochs,train_images,augmentation,pretraining,pseudo_labels,tta,fold,seed,cv_map5095,cv_map50,cv_map75,stress_map5095,stress_map75,shift_stress_ranking_map5095,tta_cv_map5095,tta_stress_map75,per_class_ap,fold_std,seed_std,public_lb_test,runtime,rule_status,decision,notes
E0a,,reference pseudo-RGB baseline (local MPS),yolo11s,bands 5/8/13 pseudo-RGB,global-percentile,rgb,1024,best of 50 (ep40),2700,ultralytics default (hsv on),"COCO (Ultralytics, AGPL-3.0)",none,none,seed0-holdout300,0,0.6927,0.9603,0.8208,0.6992,0.803,0.692,0.6957,0.8093,apple:0.7562;apple_plastic:0.7701;badminton:0.781;banana:0.761;banana_plastic:0.768;car:0.5301;car_toy:0.7349;charger_head:0.7515;e-bike:0.5088;egg:0.7918;egg_plastic:0.8186;egg_wood:0.7748;orange:0.8164;orange_plastic:0.7521;people:0.3182;rubik:0.7325;stone_block:0.3982;table_tennis:0.7046,n/a (single fold),n/a (single seed),0.5791,~8h MPS,compliant,reference,Phase 1 best (submission_rgb_ep40.csv)
E0a-ep9,E0a,earlier checkpoint,yolo11s,bands 5/8/13 pseudo-RGB,global-percentile,rgb,1024,9,2700,,"COCO (Ultralytics, AGPL-3.0)",none,none,seed0-holdout300,0,0.6379,0.9199,0.7668,0.651,0.7749,,,,apple:0.7338;apple_plastic:0.7518;badminton:0.7375;banana:0.7083;banana_plastic:0.7303;car:0.453;car_toy:0.6437;charger_head:0.677;e-bike:0.3344;egg:0.7367;egg_plastic:0.7982;egg_wood:0.6897;orange:0.8195;orange_plastic:0.738;people:0.2753;rubik:0.6907;stone_block:0.2606;table_tennis:0.7041,n/a (single fold),n/a (single seed),0.53473,,compliant,superseded,
E0a-ep13,E0a,earlier checkpoint,yolo11s,bands 5/8/13 pseudo-RGB,global-percentile,rgb,1024,13,2700,,"COCO (Ultralytics, AGPL-3.0)",none,none,seed0-holdout300,0,0.6605,0.9338,0.7877,0.6617,0.7735,,,,apple:0.7318;apple_plastic:0.7529;badminton:0.7526;banana:0.7401;banana_plastic:0.7388;car:0.4769;car_toy:0.7098;charger_head:0.6927;e-bike:0.4421;egg:0.7199;egg_plastic:0.814;egg_wood:0.77;orange:0.7603;orange_plastic:0.7415;people:0.3044;rubik:0.7341;stone_block:0.3138;table_tennis:0.6941,n/a (single fold),n/a (single seed),0.5257,,compliant,superseded,ALL val up vs ep9 but test down; STRESS AP75 ranks correctly
E0k,E0a,same recipe on Kaggle 2xT4 (AMP),yolo11s,bands 5/8/13 pseudo-RGB,global-percentile,rgb,1024,50,2700,,"COCO (Ultralytics, AGPL-3.0)",none,none,seed0-holdout300,0,0.696,0.9651,0.8285,0.7053,0.7968,,,,apple:0.7497;apple_plastic:0.7651;badminton:0.7676;banana:0.7691;banana_plastic:0.7498;car:0.5374;car_toy:0.7714;charger_head:0.7539;e-bike:0.463;egg:0.7884;egg_plastic:0.8137;egg_wood:0.8084;orange:0.8173;orange_plastic:0.7325;people:0.34;rubik:0.7442;stone_block:0.4606;table_tennis:0.6968,n/a (single fold),n/a (single seed),0.56494,47 min,compliant,reject (test < E0a),
E0b,E0k,YOLO26 small-target-aware assignment improves localisation,yolo26s,bands 5/8/13 pseudo-RGB,global-percentile,rgb,1024,50,2700,,"COCO (Ultralytics, AGPL-3.0)",none,none,seed0-holdout300,0,0.7036,0.9678,0.8423,0.6966,0.8354,0.7012,0.7031,0.8319,apple:0.7505;apple_plastic:0.7761;badminton:0.7718;banana:0.7671;banana_plastic:0.7753;car:0.5371;car_toy:0.74;charger_head:0.7363;e-bike:0.5352;egg:0.7988;egg_plastic:0.8136;egg_wood:0.7701;orange:0.8215;orange_plastic:0.7685;people:0.3317;rubik:0.757;stone_block:0.5042;table_tennis:0.7104,n/a (single fold),n/a (single seed),0.58028,56 min,compliant,"KEEP: beats E0a on ALL mAP, AP75, STRESS AP75, shift-stress; TTA not adopted",Phase 2 submission phase2_E0b_rank841.csv (ranking 841/1000 partial); test +0.0012 vs E0a
E4a,E0k,all 16 bands via native 16-ch stem (Ultralytics default: RGB weights in ch0-2),yolo11s,16 bands,global-percentile,rgb3+random,1024,50,2700,ultralytics default (hsv off for >3ch),"COCO (Ultralytics, AGPL-3.0)",none,none,seed0-holdout300,0,0.6992,0.9616,0.8378,0.7056,0.829,0.6982,0.7043,0.8323,apple:0.7476;apple_plastic:0.7792;badminton:0.7794;banana:0.7624;banana_plastic:0.7581;car:0.5308;car_toy:0.7498;charger_head:0.7534;e-bike:0.4746;egg:0.7929;egg_plastic:0.8144;egg_wood:0.7968;orange:0.8295;orange_plastic:0.7491;people:0.3261;rubik:0.7532;stone_block:0.4867;table_tennis:0.7022,n/a (single fold),n/a (single seed),0.59118,2.66 h (TIFF IO bound),compliant,"KEEP 16 bands: test +0.026 vs E0k (same recipe, 3 bands), +0.012 vs E0a",kernel crashed at test prediction (TIFF read as 3-ch; fixed); val via hod-val; Phase 2 submission phase2_E4a_rank841.csv (partial ranking). Val did NOT predict E4a > E0b on test: val lacks the test domain shift
E1,E4a,per-band per-image scaling cancels illumination differences,yolo11s,16 bands,band-percentile,rgb3+random,1024,50,2700,ultralytics default (hsv off),"COCO (Ultralytics, AGPL-3.0)",none,none,seed0-holdout300,0,,,,,,,,,,n/a (single fold),n/a (single seed),,,compliant,deprioritised,shift-stress showed the median illumination tilt barely hurts models; replaced by E4c (yolo26s 16-band)
E15,E0b,"test-set pseudo-labels (E0b teacher, conf>=0.5, 956 imgs / 3163 boxes) adapt to the test domain",yolo26s,bands 5/8/13 pseudo-RGB,global-percentile,rgb,1024,50,2700 + 956 pseudo,,COCO,"test only, teacher E0b, conf>=0.5, 1 round",none,seed0-holdout300,0,,,,,,,,,,,,,,compliant (test pseudo-labels allowed; ranking never used),running,kernel hod-y26s-1024-pl
E4c,E4a+E0b,combine the two wins: YOLO26s + 16 bands,yolo26s,16 bands,global-percentile,rgb3+random,1024,50,2700,,COCO,none,none,seed0-holdout300,0,,,,,,,,,,,,,,compliant,queued,kernel hod-y26s-1024-16b (starts after E15)
