name,instances,images,side_p10,side_med,side_p90,ar_med,pct_small,pct_border,per_img_when_present
apple,447,425,17.49,25.5,36.99,0.97,77.85,0.22,1.05
apple_plastic,493,493,17.44,26.5,36.0,0.97,79.51,0.81,1.0
badminton,1375,608,18.44,23.66,32.91,0.81,88.44,0.36,2.26
banana,621,397,17.23,34.7,53.92,1.51,37.2,0.81,1.56
banana_plastic,369,369,19.9,38.52,54.17,1.46,38.48,2.44,1.0
car,570,193,13.84,28.67,86.47,1.68,52.98,13.33,2.95
car_toy,355,355,31.92,45.28,65.89,1.69,10.14,0.28,1.0
charger_head,451,324,16.49,25.92,63.06,1.2,69.62,1.11,1.39
e-bike,463,175,21.82,44.12,96.01,0.86,28.73,27.43,2.65
egg,475,379,13.42,16.0,23.65,1.15,94.32,0.0,1.25
egg_plastic,658,360,13.0,16.88,22.36,1.07,100.0,0.0,1.83
egg_wood,258,152,13.49,15.72,30.09,1.27,91.47,1.16,1.7
orange,184,146,18.49,27.5,37.45,1.05,71.2,1.63,1.26
orange_plastic,310,310,19.49,29.23,36.5,1.0,69.35,0.65,1.0
people,1129,352,14.39,28.53,59.77,0.47,56.24,6.11,3.21
rubik,977,450,17.89,25.5,43.41,1.02,72.16,1.84,2.17
stone_block,272,42,11.62,20.84,32.18,0.73,89.34,8.46,6.48
table_tennis,700,587,12.0,15.0,20.45,1.0,99.71,0.71,1.19
